{
  "categories": [
    {
      "id": 0,
      "name": "apple"
    },
    {
      "id": 1,
      "name": "banana"
    },
    {
      "id": 2,
      "name": "beans"
    },
    {
      "id": 3,
      "name": "celery"
    },
    {
      "id": 4,
      "name": "corn"
    },
    {
      "id": 5,
      "name": "hot_coco"
    },
    {
      "id": 6,
      "name": "olive"
    },
    {
      "id": 7,
      "name": "orange"
    },
    {
      "id": 8,
      "name": "potato"
    },
    {
      "id": 9,
      "name": "tuna"
    }
  ],
  "info": {
    "year": 2025,
    "version": "1.0",
    "contributor": "Label Studio"
  }
}